{
    "anchorpoints": [],
    "portpins": [
        {
            "name": "1",
            "position": [
                -5.3290705182007514e-15,
                -30.5,
                3.8499
            ],
            "rotation": [
                0.0,
                0.0,
                1.0,
                1.0,
                0.0,
                0.0,
                0.0,
                1.0,
                0.0
            ]
        },
        {
            "name": "2",
            "position": [
                -61.470000000000006,
                -30.5,
                3.8499
            ],
            "rotation": [
                0.0,
                0.0,
                1.0,
                1.0,
                0.0,
                0.0,
                0.0,
                1.0,
                0.0
            ]
        },
        {
            "name": "3",
            "position": [
                -122.94,
                -30.5,
                3.8499
            ],
            "rotation": [
                0.0,
                0.0,
                1.0,
                1.0,
                0.0,
                0.0,
                0.0,
                1.0,
                0.0
            ]
        },
        {
            "name": "4",
            "position": [
                -184.41000000000003,
                -30.5,
                3.8499
            ],
            "rotation": [
                0.0,
                0.0,
                1.0,
                1.0,
                0.0,
                0.0,
                0.0,
                1.0,
                0.0
            ]
        }
    ],
    "version": 7
}